{"cameraMode":{"drawMode":0,"name":"Shaded","section":"Shading Mode"},"sceneLighting":true,"audioPlay":false,"sceneViewState":{"showFog":true,"showMaterialUpdate":false,"showSkybox":true,"showFlares":true,"showImageEffects":true,"showParticleSystems":true},"in2DMode":false,"pivot":{"x":185.62692260742188,"y":255.3793487548828,"z":10.622184753417969},"rotation":{"x":-0.10804127901792526,"y":-0.03220735862851143,"z":0.0035021959338337185,"w":-0.9936186671257019},"size":375.8211975097656,"orthographic":false}